site_name,sponsor_vendor,site_address,borough,latitude,longitude
Arturo Schomburg,Institute For The Puerto Rican Hispanic Elderly Inc,1315 Franklin Avenue,Bronx,40.832062,-73.901641
Betances,Institute For The Puerto Rican Hispanic Elderly Inc,607 Concord Avenue,Bronx,40.814544,-73.907628
Bronx House Weinberg Neighborhood Senior Center,Bronx House Inc,990 Pelham Parkway South,Bronx,40.856804,-73.860354
Bronx River,Institute For The Puerto Rican Hispanic Elderly Inc,1619 East 174 Street,Bronx,40.83395,-73.876147
Bronxworks E Roberts Moore,Bronxworks,515 Jackson Avenue,Bronx,40.812353,-73.909401
Bronxworks East Concourse (My Spot/Mi Rincon OAC),Bronxworks,236 East Tremont Ave,Bronx,40.848936,-73.904562
Bronxworks Morris (ISC),Bronxworks,80 East 181st Street,Bronx,40.855076,-73.904199
Bronxworks Soundview,Bronxworks,391 Bronx River Avenue,Bronx,40.814629,-73.867422
Bronxworks Twin Parks West,Bronxworks,355 E 183 Street,Bronx,40.856391,-73.895991
East Side House Borinquen Court Mitchel OAC,East Side House Inc,295 East 138th Street,Bronx,40.810463,-73.926028
Hope of Israel Senior Citizens Center,Hope of Israel Senior Citizens Center Inc,1068 Gerard Avenue,Bronx,40.83213,-73.922213
JASA Bartow (Coop City NSC),The Jewish Association For Services For The Aged,2049 Bartow Avenue,Bronx,40.86942,-73.829027
JASA Bay Eden Older Adult Center,The Jewish Association For Services For The Aged,1220 East 229th Street,Bronx,40.884011,-73.842204
JASA Dreiser,The Jewish Association For Services For The Aged,177 Dreiser Loop,Bronx,40.877087,-73.829619
JASA Einstein,The Jewish Association For Services For The Aged,135 Einstein Loop,Bronx,40.864263,-73.822023
JASA Sue Ginsburg,The Jewish Association For Services For The Aged,975 Waring Avenue,Bronx,40.861214,-73.859738
JASA Throggs Neck Older Adult Center,The Jewish Association For Services For The Aged,2705 Schley Avenue,Bronx,40.821662,-73.827061
Kips Bay Castle Hill OAC,Kips Bay Boys And Girls Club,625 Castle Hill Avenue,Bronx,40.819754,-73.848209
Leon OAC,The Neighborhood Self-Help By Older Persons Project Inc,735 East 152nd Street,Bronx,40.815994,-73.907843
MBSCC Concourse Plaza Wellness Center for Older Adults,Mid-Bronx Senior Citizens Council Inc,900 Grand Concourse,Bronx,40.827401,-73.92228
MMCC-CDC Older Adult Center Main Building,Child Development Center of the Mosholu-Montefior Comm Ctr,3450 Dekalb Avenue,Bronx,40.881486,-73.881226
MMCC-CDC Older Adult Center Marble Hill,Child Development Center of the Mosholu-Montefior Comm Ctr,5365 Broadway,Bronx,40.876062,-73.907886
Mill Brook OAC,West Side Federation for Senior and Supportive Housing Inc,570 East 137th Street,Bronx,40.805994,-73.917671
New Beginnings (Riverdale Y),Young Mens and Young Womens Hebrew Association of the Bronx,5625 Arlington Avenue,Bronx,40.905009,-73.907133
Northeast Bronx,Northeast Bronx Senior Citizens Inc,2968 Bruckner Boulevard,Bronx,40.833889,-73.826264
PSS Andrew Jackson,Presbyterian Senior Services,325 East 156th Street,Bronx,40.821439,-73.917995
PSS City Island,Presbyterian Senior Services,116 City Island Avenue,Bronx,40.841097,-73.784187
PSS Davidson,Presbyterian Senior Services,950 Union Avenue,Bronx,40.822812,-73.901821
PSS Highbridge,Presbyterian Senior Services,1181 Nelson Avenue,Bronx,40.837232,-73.925706
PSS Highbridge Gardens,Presbyterian Senior Services,1145 University Avenue,Bronx,40.837077,-73.928282
PSS Morrisania Air Rights,Presbyterian Senior Services,3135 Park Ave East,Bronx,40.82415,-73.917164
PSS Parkside,Presbyterian Senior Services,644 Adee Avenue,Bronx,40.86967,-73.869106
Patterson Older Adult Centers,East Side House Inc,308 East 145th Street,Bronx,40.815197,-73.922179
RAIN Boston East OAC,Regional Aid For Interim Needs Inc,3450 Boston Road,Bronx,40.876315,-73.848561
RAIN Boston Road OAC,Regional Aid For Interim Needs Inc,2424 Boston Road,Bronx,40.861733,-73.866616
RAIN Boston Secor OAC,Regional Aid For Interim Needs Inc,3540 Bivona Street,Bronx,40.883026,-73.833227
RAIN Eastchester Latin Soul Café OAC,Regional Aid For Interim Needs Inc,1246 Burke Avenue,Bronx,40.871144,-73.851046
RAIN Gunhill OAC,Regional Aid For Interim Needs Inc,3377 White Plains Road,Bronx,40.874872,-73.86706
RAIN Middletown OAC,Regional Aid For Interim Needs Inc,3035 Middletown Road,Bronx,40.844355,-73.828806
RAIN Mt Carmel OAC,Regional Aid For Interim Needs Inc,2405 Southern Boulevard,Bronx,40.853773,-73.881558
RAIN Nereid OAC,Regional Aid For Interim Needs Inc,720 Nereid Avenue,Bronx,40.898158,-73.853568
RAIN Parkchester OAC,Regional Aid For Interim Needs Inc,1380 Metropolitan Avenue,Bronx,40.835141,-73.861061
RAIN Parkchester One Stop,Regional Aid For Interim Needs Inc,1380 Metropolitan Avenue,Bronx,40.835141,-73.861061
RSS Center for Ageless Living,Riverdale Senior Services Inc,2600 Netherland Avenue,Bronx,40.878744,-73.915679
SAGE Center Bronx at Crotona Pride House,Services and Advocacy for Gay Lesbian Bisexual and Transgend,1784 Prospect Avenue,Bronx,40.841212,-73.891989
SEBCO Senior Center,SEBCO Development Inc,887 Southern Boulevard,Bronx,40.818913,-73.89355
SHOPP Casa Boricua (OAC),The Neighborhood Self-Help By Older Persons Project Inc,910 E 172nd Street,Bronx,40.834198,-73.890157
SHOPP Soundview Social Club,The Neighborhood Self-Help By Older Persons Project Inc,1674 Seward Avenue,Bronx,40.818255,-73.869832
Sister Annunciata Bethell OAC,Bedford Park-Multi Service Center for Senior Citizens Inc,243 East 204th Street,Bronx,40.874205,-73.884457
Thomas Guess OAC,The Neighborhood Self-Help By Older Persons Project Inc,2070 Clinton Avenue,Bronx,40.847236,-73.888101
William Hodson Community Center Inc,William Hodson Community Center Inc,1320 Webster Avenue,Bronx,40.834189,-73.90854
YMCA - Glebe Older Adult Community Hub,YMCA Of Greater New York,2125 Glebe Avenue,Bronx,40.8351,-73.850368
AMICO 59th St Senior Citizen Ctr,American Italian Coalition Of Organizations Inc,5901 13th Avenue,Brooklyn,40.629332,-73.998022
Agudath Israel Brookdale Senior Center,Agudath Israel Of America Community Services Inc,817 Avenue H,Brooklyn,40.629268,-73.968686
Agudath Israel of America Boro Park Senior Citizens Center,Agudath Israel Of America Community Services Inc,5602 11th Avenue,Brooklyn,40.63368,-74.000703
Albany OAC,"Fort Greene Council, Inc.",196 Albany Avenue,Brooklyn,40.67388,-73.938974
BCA 6th Avenue Older Adult Center,Brooklyn Chinese-American Association,545 60th Street,Brooklyn,40.638869,-74.015137
Bay Ridge Ctr for Health and Wellness,Bay Ridge Center Inc,411 Ovington Ave,Brooklyn,40.633477,-74.023321
Bay Ridge Ctr for Life Long Learning,Bay Ridge Center Inc,411 Ovington Ave,Brooklyn,40.633477,-74.023321
Bensonhurst Senior Center,Edith And Carl Marks Jewish Community House Of Bensonhurst,7802 Bay Parkway,Brooklyn,40.606369,-73.989235
Bergen Basin Abe Stark Older Adult Center,Bergen Basin Community Development Corporation,103-15 Farragut Road,Brooklyn,40.649668,-73.89929
Bergen Basin Independence Older Adult Center,Bergen Basin Community Development Corporation,114 Taylor Street,Brooklyn,40.705508,-73.963702
Bergen Basin Marine Park Older Adult Center,Bergen Basin Community Development Corporation,3000 Fillmore Avenue,Brooklyn,40.608592,-73.937467
Bergen Basin Midwood Older Adult Center,Bergen Basin Community Development Corporation,2164 Ralph Avenue,Brooklyn,40.625065,-73.917858
Bergen Basin Mill Basin Older Adult Center,Bergen Basin Community Development Corporation,2075 East 68th Street,Brooklyn,40.618864,-73.910226
Bergen Basin Penn Wortman Older Adult Center,Bergen Basin Community Development Corporation,895 Pennsylvania Avenue,Brooklyn,40.655966,-73.888652
Bergen Basin Vandalia Older Adult Center,Bergen Basin Community Development Corporation,47 Vandalia Avenue,Brooklyn,40.649799,-73.88676
Borinquen Plaza,RiseBoro Community Partnership Inc,80 Seigel Street,Brooklyn,40.704366,-73.943775
Boro Park Y OAC,Young Mens and Young Womens Hebrew Association of Boro Park,4912 14th Avenue,Brooklyn,40.63357,-73.99006
Brevoort Senior Club,RiseBoro Community Partnership Inc,280 Ralph Avenue,Brooklyn,40.679794,-73.922153
CCNS Glenwood OAC,Catholic Charities Neighborhood Services Inc,5701 Avenue H,Brooklyn,40.633288,-73.921555
CCNS Narrows OAC,Catholic Charities Neighborhood Services Inc,930 53rd Street,Brooklyn,40.637443,-74.002173
CCNS New Age OAC,Catholic Charities Neighborhood Services Inc,54 MacDonough Street,Brooklyn,40.680929,-73.944383
CCNS Northside OAC,Catholic Charities Neighborhood Services Inc,179 North 6th Street,Brooklyn,40.716685,-73.957339
CCNS Pete McGuinness OAC,Catholic Charities Neighborhood Services Inc,715 Leonard Street,Brooklyn,40.729007,-73.95276
CCNS Riverway OAC (ISC),Catholic Charities Neighborhood Services Inc,230 Riverdale Avenue,Brooklyn,40.661083,-73.908024
CCNS St Charles Jubilee OAC,Catholic Charities Neighborhood Services Inc,55 Pierrepont Street,Brooklyn,40.695783,-73.995117
CCNS St Louis OAC,Catholic Charities Neighborhood Services Inc,230 Kingston Avenue,Brooklyn,40.671821,-73.941982
CCNS The Bay OAC,Catholic Charities Neighborhood Services Inc,3643 Nostrand Avenue,Brooklyn,40.594966,-73.940825
CCNS The Lodge OAC,Catholic Charities Neighborhood Services Inc,7711 18th Avenue,Brooklyn,40.612087,-73.997288
CPC Brooklyn Senior Center,Chinese-American Planning Council Inc,4101 8th Avenue,Brooklyn,40.64607,-73.998544
Christopher Blenman OAC,"Fort Greene Council, Inc.",720 East New York Avenue,Brooklyn,40.662289,-73.938916
Congregation Yetev Lev --Williamsburg Satmar,Congregation Yetev Lev DSatmar,125 Heyward Street,Brooklyn,40.701676,-73.956155
Council Ctr for Senior Citizens,"Brooklyn Section National Council Of Jewish Women, Inc.",1001 Quentin road,Brooklyn,40.607755,-73.962822
Council of Peoples Organization: Halal Senior Center,"Council of Peoples Organization, Inc.",1075-1077 Coney Island Avenue,Brooklyn,40.631169,-73.966466
Council of Peoples Organization: Satellite,"Council of Peoples Organization, Inc",1814 Coney Island Avenue,Brooklyn,40.613368,-73.963024
Cypress Hills Adult Social Club,Cypress Hills-Fulton Street Senior Citizens Center Inc,475 Fountain Avenue,Brooklyn,40.668288,-73.873005
Cypress Hills Fulton Street Senior Citizens Ctr,Cypress Hills-Fulton Street Senior Citizens Center Inc,3208 Fulton Street,Brooklyn,40.682337,-73.876771
Diana Jones ISC,RiseBoro Community Partnership Inc,9 Noll Street,Brooklyn,40.700163,-73.935675
Dorchester Senior Citizens Center OAC,Dorchester Senior Citizens Center Inc,1419 Dorchester Road,Brooklyn,40.638972,-73.964689
Eileen Dugan Senior Center,American Italian Coalition Of Organizations Inc,378 Court Street,Brooklyn,40.681371,-73.996391
Grace Agard Harewood OAC,"Fort Greene Council, Inc.",966 Fulton Street,Brooklyn,40.682487,-73.962178
Grant Sq OAC,"Fort Greene Council, Inc.",19 Rogers Avenue,Brooklyn,40.676909,-73.952667
Hazel Brooks OAC,"Fort Greene Council, Inc.",961 Ocean Avenue,Brooklyn,40.638891,-73.958877
Homecrest Bensonhurtst OAC & Ave T Brooklyn,Homecrest Community Services Inc,7907 New Utrecht Ave,Brooklyn,40.612279,-74.000933
Hope Gardens MultiService,RiseBoro Community Partnership Inc,195 Linden Street,Brooklyn,40.69537,-73.917486
Hugh Gilroy OAC,"Fort Greene Council, Inc.",447 Kingsborough,Brooklyn,40.675242,-73.924931
JASA HES Older Adult Center,The Jewish Association For Services For The Aged,9502 Seaview Avenue,Brooklyn,40.632808,-73.89122
JASA Luna Park Annex,The Jewish Association For Services For The Aged,2880 West 12th Street,Brooklyn,40.577347,-73.979625
JASA Scheuer Coney Island OAC,The Jewish Association For Services For The Aged,3601 Surf Avenue,Brooklyn,40.573144,-74.001587
JASA Senior Alliance Older Adult Center,The Jewish Association For Services For The Aged,161 Corbin Place,Brooklyn,40.578026,-73.954127
JASA Starrett City Older Adult Center,The Jewish Association For Services For The Aged,1540 Van Siclen Avenue,Brooklyn,40.648214,-73.877613
JASA Williamsburg Older Adult Center,The Jewish Association For Services For The Aged,202 Graham Avenue,Brooklyn,40.708879,-73.943443
JCCGCI Coney Island Seaside Older Adult Center (ISC),Jewish Community Council Of Greater Coney Island Inc,3001 West 37th Street,Brooklyn,40.573177,-74.002509
JCCGCI Jay-Harama Older Adult Center,Jewish Community Council Of Greater Coney Island Inc,2600 Ocean Avenue,Brooklyn,40.598158,-73.951186
JCCGCI Kings Highway Older Adult Center,Jewish Community Council Of Greater Coney Island Inc,1879 East 3rd Street,Brooklyn,40.604098,-73.969944
JCCGCI Marien-Heim Older Adult Center,Jewish Community Council Of Greater Coney Island Inc,870 Ocean Parkway,Brooklyn,40.627218,-73.971057
JCCGCI Marlboro Older Adult Center,Jewish Community Council Of Greater Coney Island Inc,2298 West 8th Street,Brooklyn,40.592081,-73.978468
JCCGCI Midwood Older Adult Center,Jewish Community Council Of Greater Coney Island Inc,1625 Ocean Avenue,Brooklyn,40.622341,-73.955743
JCCGCI Ocean Parkway Older Adult Center,Jewish Community Council Of Greater Coney Island Inc,1960 East 7th Street,Brooklyn,40.603084,-73.965083
Marcus Garvey,"Fort Greene Council, Inc.",1440 East New York Avenue,Brooklyn,40.670654,-73.914575
Maria Lawton OAC,"Fort Greene Council, Inc.",400 Hart Street,Brooklyn,40.694788,-73.934645
Palmetto Gardens Senior Club,RiseBoro Community Partnership Inc,85 Palmetto Street,Brooklyn,40.691599,-73.91884
Park Slope Ctr for Successful Aging,"HEIGHTS AND HILLS, INC.",463A 7th Street,Brooklyn,40.668419,-73.981201
Polish & Slavic Ctr Krakus OAC,Polish & Slavic Center Inc,176 Java Street,Brooklyn,40.731692,-73.953577
Prospect Hill NSC,St John-St Matthew Emanuel Lutheran Church,283 Prospect Avenue,Brooklyn,40.663323,-73.989165
RAICES  Farragut OAC Satellite,Spanish Speaking Elderly Council RAICES Inc,228 York Street,Brooklyn,40.701304,-73.981762
RAICES  Gowanus OAC Satellite,Spanish Speaking Elderly Council RAICES Inc,420 Baltic Street,Brooklyn,40.683646,-73.988783
Red Hook NSC,Spanish Speaking Elderly Council RAICES Inc,120 West 9th Street,Brooklyn,40.675925,-74.001961
Remsen Sarita Jean OAC,"Fort Greene Council, Inc.",3304 Clarendon Road,Brooklyn,40.643428,-73.945697
Ridgewood Bushwick,RiseBoro Community Partnership Inc,319 Stanhope Street,Brooklyn,40.70285,-73.918336
Roundtable Senior,RiseBoro Community Partnership Inc,1175 Gates Avenue,Brooklyn,40.691707,-73.919907
SAGE Center Brooklyn at Stonewall House,Services and Advocacy for Gay Lesbian Bisexual and Transgend,271 Myrtle Avenue,Brooklyn,40.693454,-73.978042
SBH Older Adult Center - Senior Pavilion,SBH Community Service Network Inc,1963 McDonald Avenue,Brooklyn,40.604832,-73.972263
Saratoga Sq Senior,RiseBoro Community Partnership Inc,930 Halsey Street,Brooklyn,40.685579,-73.916976
Sephardic MSSCC House of Jacob Senior Center,Sephardic Multi-Services Senior Citizen Center Inc,6222 23rd Avenue,Brooklyn,40.61405,-73.977597
Sephardic Multi Services Senior Citizens Center Inc,Sephardic Multi-Services Senior Citizen Center Inc,485 Kings Highway,Brooklyn,40.604258,-73.971654
Seth Low Social Clubs,"Fort Greene Council, Inc.",137 Belmont Avenue,Brooklyn,40.669205,-73.905172
Shalom,Crown Heights Preservation Corp,483 Albany Avenue,Brooklyn,40.663388,-73.939975
Shore Hill Older Adult Center,Sunset Park Health Council Inc,9000 Shore Road,Brooklyn,40.622118,-74.040172
"Southside Los Sures ""David Santiago""",Southside United Housing Development Fund Corp,201 South 4th Street,Brooklyn,40.710881,-73.96016
St Gabriels Episcopal Church NSC,Saint Gabriels Episcopal Church,331 Hawthorne Street,Brooklyn,40.657919,-73.949217
St Nicks Alliance Cooper Park Social Club,St Nicks Alliance Corp.,288 Frost Street,Brooklyn,40.718837,-73.939856
St Nicks Alliance Swinging Sixties OAC,St Nicks Alliance Corp.,211 Ainslie Street,Brooklyn,40.712972,-73.945453
Stuyvesant Gardens Senior Club,RiseBoro Community Partnership Inc,150 Malcolm X Boulevard,Brooklyn,40.688335,-73.930144
Stuyvesant Heights OAC,"Fort Greene Council, Inc.",562-74 Madison Street,Brooklyn,40.686471,-73.935295
Sumner Senior Club,RiseBoro Community Partnership Inc,862 Park Avenue,Brooklyn,40.698582,-73.940736
Sunset Park OAC,Sunset Park Health Council Inc,4520 4th Avenue,Brooklyn,40.649111,-74.009845
Teresa Moore OAC,"Fort Greene Council, Inc.",2702 Linden Boulevard,Brooklyn,40.669208,-73.864514
Times Plaza Center OAC,Spanish Speaking Elderly Council RAICES Inc,460 Atlantic Avenue,Brooklyn,40.686296,-73.983223
United Neighborhood Senior Citizens Ctr,United Senior Citizens Of Sunset Park Inc,475 53rd Street,Brooklyn,40.64386,-74.012767
Wayside Out  Glenmore Plaza Social Club,Wayside Out-Reach Development Inc,1777 Pitkin Avenue,Brooklyn,40.670168,-73.907561
Wayside Out Brownsville Social Club,Wayside Out-Reach Development Inc,528 Mother Gaston Blvd,Brooklyn,40.665956,-73.905923
Wayside Out Langston Hughes Social Club,Wayside Out-Reach Development Inc,301 Sutter Avenue,Brooklyn,40.667312,-73.909072
Wayside Out Rosetta Gaston Senior Center,Wayside Out-Reach Development Inc,460 Dumont Avenue,Brooklyn,40.66514,-73.902222
Wayside Out Tilden Senior Center,Wayside Out-Reach Development Inc,630 Mother Gaston Boulevard,Brooklyn,40.663471,-73.905278
Wayside Out Tompkins Louis Armstrong Center,Wayside Out-Reach Development Inc,360 Nostrand Avenue,Brooklyn,40.687303,-73.950965
Wayside Out Tompkins Park Senior Center,Wayside Out-Reach Development Inc,550 Greene Avenue,Brooklyn,40.688666,-73.948775
Wayside Out Van Dyke II Senior Center,Wayside Out-Reach Development Inc,430 Dumont Avenue,Brooklyn,40.664982,-73.903308
Willoughby OAC,"Fort Greene Council, Inc.",105 North Portland Avenue,Brooklyn,40.694782,-73.976116
Wyckoff Gardens NSC,Spanish Speaking Elderly Council RAICES Inc,280 Wyckoff Street,Brooklyn,40.683365,-73.983941
Young Israel Programs Midwood,Young Israel Programs Inc,1694 Ocean Avenue,Brooklyn,40.620447,-73.955405
Young at Heart Senior Center at the Flatbush YMCA,YMCA Of Greater New York,1401 Flatbush Avenue,Brooklyn,40.636511,-73.951539
ABSW OAC,Association Of Black Social Workers Inc,221 West 107th Street,Manhattan,40.801704,-73.966593
ARC XVI A Philip Randolph Center (ARC Ft Washington NSC),ARC XVI Fort Washington Inc,108 West 146 Street,Manhattan,40.821341,-73.936317
ARC XVI Central Harlem Center,ARC XVI Fort Washington Inc,120 West 140th Street,Manhattan,40.817579,-73.939272
ARC XVI Ft Washington Center,ARC XVI Fort Washington Inc,516-520 W 181th Street,Manhattan,40.848436,-73.93165
Agudath Israel Moriah Older Adult Luncheon Club,Agudath Israel Of America Community Services Inc,90 Bennett Avenue,Manhattan,40.853017,-73.935379
BRC Senior Center,Bowery Residents Committee Inc,30 Delancy Street,Manhattan,40.719792,-73.992269
CBN Leonard Covello (ISC) Senior Program,"The Carter Burden Center For The Aging, Inc D/B/A Carter Burd",312 East 109th Street,Manhattan,40.792306,-73.94048
CBN Roosevelt Island Senior Center,"The Carter Burden Center For The Aging, Inc D/B/A Carter Burd",546 Main Street,Manhattan,40.761839,-73.949734
CPC NY Chinatown Neighborhood Senior Center,Chinese-American Planning Council Inc,55 Chrystie Street,Manhattan,40.716487,-73.994719
CPC Project Open Door Neighborhood Senior Center,Chinese-American Planning Council Inc,168 Grand Street,Manhattan,40.71969,-73.998286
Canaan Senior Service Center,Canaan Baptist Church Of Christ,1428 5th Avenue,Manhattan,40.80115,-73.946121
Carter Burden Luncheon Club,"The Carter Burden Center For The Aging, Inc D/B/A Carter Burd",351 East 74th Street,Manhattan,40.76962,-73.956197
Carver,Institute For The Puerto Rican Hispanic Elderly Inc,55 East 102 Street,Manhattan,40.79084,-73.950853
Casabe Senior Houses aka East Harlem NSC,East Harlem Council For Human Services Inc,150 East 121st Street,Manhattan,40.801704,-73.939037
Center @ Lenox Hill (ISC),Lenox Hill Neighborhood House Inc,343 East 70th Street,Manhattan,40.766686,-73.95739
Center at the Red Oak,West Side Federation for Senior and Supportive Housing Inc,135 West 106th Street,Manhattan,40.799919,-73.964459
Center for Adults Living Well @ the Y (OAC),Young Mens and Womens Hebrew Assoc Washington Heights Inwood,54 Nagle Avenue,Manhattan,40.859993,-73.929129
Center on the Square,"Greenwich House, Inc",20 Washington Square North,Manhattan,40.731781,-73.997705
Central Harlem  Lincoln,"Central Harlem Senior Citizens Centers, Inc.",60 E 135th Street,Manhattan,40.81161,-73.934935
Central Harlem Kennedy,"Central Harlem Senior Citizens Centers, Inc.",34 W. 134th Street,Manhattan,40.812702,-73.939645
Central Harlem SC Ctr Beatrice Lewis,"Central Harlem Senior Citizens Centers, Inc.",2322 Third Avenue,Manhattan,40.804465,-73.93526
Central Harlem St Nick,"Central Harlem Senior Citizens Centers, Inc.",210 W. 131st Street,Manhattan,40.812977,-73.94614
Corsi OAC,Union Settlement Association,307 E 116th Street,Manhattan,40.796935,-73.93759
Cothoa Luncheon Club,Cothoa Luncheon Club Inc,2005 Amsterdam Avenue,Manhattan,40.834326,-73.940952
Edie Windsor SAGE Center,Services and Advocacy for Gay Lesbian Bisexual and Transgend,305 7th Avenue,Manhattan,40.746817,-73.993655
Educational Alliance Sirovich Older Adult Center,The Educational Alliance Inc,331 East 12th Street,Manhattan,40.730657,-73.985041
Educational Alliance Weinberg Older Adult Center,The Educational Alliance Inc,197 East Broadway,Manhattan,40.714211,-73.988302
Encore at St Malachy's,Encore Community Services,239 West 49th Sreet,Manhattan,40.759807,-73.98603
FIND Aid Clinton OAC,Find Aid For The Aged,530 West 55th Street,Manhattan,40.768258,-73.990588
FIND Aid Coffeehouse Center,Find Aid For The Aged,331 West 42nd Street,Manhattan,40.757677,-73.990821
FIND Aid Hamilton OAC,Find Aid For The Aged,141 West 73rd Street,Manhattan,40.778624,-73.979527
FIND Aid Woodstock OAC,Find Aid For The Aged,127 West 43rd Street,Manhattan,40.755873,-73.984454
Food Bank For New York City OAC,Food Bank For New York City,252 West 116th Street,Manhattan,40.804178,-73.954813
Frederick Douglass Social Club,West Side Federation for Senior and Supportive Housing Inc,868 Amersterdam Avenue,Manhattan,40.798169,-73.967371
Gaylord White OAC,Union Settlement Association,2029 2nd Avenue,Manhattan,40.789473,-73.943288
Goddard Riverside LSNC OAC @ West 65th St,Goddard-Riverside Community Center,250 West 65th Street,Manhattan,40.77501,-73.98689
Goddard Riverside OAC at West 88th Street,Goddard-Riverside Community Center,593 Columbus Avenue,Manhattan,40.788212,-73.970904
Good Companions,Henry Street Settlement,334 Madison Street,Manhattan,40.713266,-73.983237
Grand St Settlement Grand Coalition of Older Adults OAC,Grand Street Settlement Inc,80 Pitt Street,Manhattan,40.718328,-73.98245
HMH City Hall Older Adult Center,Hamilton Madison House Inc,100 Gold Street,Manhattan,40.710353,-74.004007
Hamilton Grange NSC,Convent Avenue Baptist Church,420 West 145th Street,Manhattan,40.824436,-73.945733
Hudson Guild,Hudson Guild Inc,119 West 19th Street,Manhattan,40.740784,-73.995381
Independence Plaza,"Greenwich House, Inc",310 Greenwich Street,Manhattan,40.717604,-74.010667
JASA Club 76 Older Adult Center,The Jewish Association For Services For The Aged,120 West 76th Street,Manhattan,40.780342,-73.977739
JCW Workforce Center,"Greenwich House, Inc",27 Barrow Street,Manhattan,40.732486,-74.00311
Jackie Robinson,Charles A Walburg Multi-Service Organization Inc,1301 Amsterdam Avenue,Manhattan,40.811994,-73.957264
Lehman Village Senior Program (Social Club),"The Carter Burden Center For The Aging, Inc D/B/A Carter Burd",1641 Madison Avenue,Manhattan,40.79584,-73.947866
Lifelong Learning Center @ Encore West,Encore Community Services,755 10th Avenue,Manhattan,40.765461,-73.991235
M M Bethune,Cothoa Luncheon Club Inc,1970 Amsterdam Avenue,Manhattan,40.83328,-73.94174
Meltzer Social Club,University Settlement Society of New York,94 East 1st Street,Manhattan,40.722827,-73.987402
NYFSC Dyckman Older Adult Center,New York Foundation For Senior Citizens Inc,3754 10th Avenue,Manhattan,40.860844,-73.921587
NYFSC LaGuardia Older Adult Center,New York Foundation For Senior Citizens Inc,280 Cherry Street,Manhattan,40.711376,-73.988461
NYFSC Mott Street Older Adult Center,New York Foundation For Senior Citizens Inc,180 Mott Street,Manhattan,40.720558,-73.995873
Our Lady of Pompeii,"Greenwich House, Inc",25 Carmine Street,Manhattan,40.730178,-74.002955
PSS Harlem,Presbyterian Senior Services,127 West 127th Street,Manhattan,40.809488,-73.945496
PSS King Towers,Presbyterian Senior Services,50 Lenox Avenue,Manhattan,40.799593,-73.951421
PSS Manhattanville,Presbyterian Senior Services,530 West 133rd Street,Manhattan,40.818127,-73.954478
Polish Slavic Ctr JP II Older Adult Center,Polish & Slavic Center Inc,103 East 7th Street,Manhattan,40.726683,-73.985016
Polo Grounds Satellite,Cothoa Luncheon Club Inc,2965 Frederick Douglass Boulevard,Manhattan,40.821619,-73.94282
RAIN Inwood OAC,Regional Aid For Interim Needs Inc,84 Vermilyea Avenue,Manhattan,40.865838,-73.923128
RJ Rangel OAC,Cothoa Luncheon Club Inc,159-36 Harlem River Drive,Manhattan,40.833365,-73.935456
Riverstone Senior Life Services OAC,"Riverstone Senior Life Services, Inc.",99 Fort Washington Avenue,Manhattan,40.83851,-73.943738
SAGE Center Harlem,Services and Advocacy for Gay Lesbian Bisexual and Transgend,220 West 143rd Street,Manhattan,40.8208,-73.94113
Senior Center @ St Peter's Church,Lenox Hill Neighborhood House Inc,619 Lexington Avenue,Manhattan,40.758698,-73.970744
Stanley Isaacs NSC/Holmes Older Adult Center,"Stanley M Isaacs Neighborhood Center, Inc",415 East 93rd Street,Manhattan,40.780904,-73.945112
"Stein Senior Center, Inc",Stein Senior Center Inc,204 East 23rd Street,Manhattan,40.738655,-73.982755
UJCES Lillian Wald OAC Center,United Jewish Council Of The East Side Inc,12 Avenue D,Manhattan,40.720462,-73.978369
UJCES Lunch Club OAC,United Jewish Council Of The East Side Inc,15 Willett Street,Manhattan,40.71566,-73.982977
University Settlement OAC,University Settlement Society of New York,189 Allen Street,Manhattan,40.722133,-73.988964
Visions Center on Aging OAC,Visions/Services for the Blind and Visually Impaired,135 West 23rd Street,Manhattan,40.743386,-73.993916
Wagner Satellite,Union Settlement Association,435 East 120th Street,Manhattan,40.798041,-73.932186
Washington Heights Neighborhood Senior Center (STAR OAC),Washington Heights Community Service Inc,650 West 187th Street,Manhattan,40.853679,-73.932494
Westbeth,"Greenwich House, Inc",55 Bethune Street,Manhattan,40.736955,-74.008494
Allen AME Community Senior Citizens Center,Allen AME Church,166-01 Linden Boulevard,Queens,40.690054,-73.783147
Allen AME Rockaway Blvd Senior Center,Allen AME Church,123-10 143rd Street,Queens,40.674522,-73.795725
Allen AME Theodora Jackson Center,Allen AME Church,92-47 165th Street,Queens,40.704393,-73.794058
Allen International Towers Affiliate,Allen AME Church,90-20 170th Street,Queens,40.708578,-73.790579
Allen Shelton Affiliate,Allen AME Church,89-09 162nd Street,Queens,40.706571,-73.799061
Alpha Phi Alpha Senior Citizens Center Inc,Alpha Phi Alpha Senior Citizens Center Inc,220-01 Linden Boulevard,Queens,40.695105,-73.740004
Astoria NSC,Spanish Speaking Elderly Council RAICES Inc,21-21 30th Drive,Queens,40.768135,-73.928916
Brooks Senior Center,Brooks Senior Center,143-22 109th Avenue,Queens,40.688564,-73.803554
CCNS Bayside OAC,Catholic Charities Neighborhood Services Inc,221-15 Horace Harding Expressway,Queens,40.749688,-73.756559
CCNS Catherine Sheridan OAC,Catholic Charities Neighborhood Services Inc,35-24 83rd Street,Queens,40.751548,-73.883703
CCNS DellaMonica- Steinway OAC,Catholic Charities Neighborhood Services Inc,23-11 31st Road,Queens,40.765808,-73.928818
CCNS Hillcrest OAC,Catholic Charities Neighborhood Services Inc,91-34 182nd Place,Queens,40.709634,-73.778431
CCNS Howard Beach OAC,Catholic Charities Neighborhood Services Inc,155-55 CrossBay Boulevard,Queens,40.664372,-73.841152
CCNS Ozone Park OAC,Catholic Charities Neighborhood Services Inc,103-02 101 Avenue,Queens,40.686027,-73.839777
CCNS Seaside OAC,Catholic Charities Neighborhood Services Inc,320 Beach 94th Street,Queens,40.5877,-73.817309
CCNS Woodhaven-Richmond Hill OAC,Catholic Charities Neighborhood Services Inc,89-02 91St Street,Queens,40.690455,-73.852946
CPC Nan Shan Neighborhood Senior Center,Chinese-American Planning Council Inc,133-14 41st Avenue,Queens,40.756979,-73.832178
Corona OAC,Spanish Speaking Elderly Council RAICES Inc,107-24 Corona Avenue,Queens,40.743551,-73.855705
Elmhurst,Institute For The Puerto Rican Hispanic Elderly Inc,75-01 Broadway Avenue,Queens,40.746172,-73.890208
Florence E Smith OAC,Corona Congregational Church,102-19 34th Avenue,Queens,40.755742,-73.865988
Golden Phoenix 1 (ELMCOR NSC),Elmcor Youth & Adult Activities Inc,98-19 Astoria Boulevard,Queens,40.762296,-73.871089
Golden Phoenix 2 (Elmcor Lefrak NSC),Elmcor Youth & Adult Activities Inc,95-18 Northern Boulevard,Queens,40.756866,-73.872861
Golden Phoenix 3 (Elmcor Lefrak NSC),Elmcor Youth & Adult Activities Inc,96-05 Horace Harding Expressway,Queens,40.734383,-73.864309
Golden Phoenix 4,Elmcor Youth & Adult Activities Inc,33-16 108th Street,Queens,40.757429,-73.860938
HANAC Angelo Petromelis Older Adult Center,"HANAC, Inc.",13-28 123rd Street,Queens,40.786179,-73.844772
HANAC Harmony JVL Innovative Older Adult Center,"HANAC, Inc.",27-40 Hoyt Avenue South,Queens,40.771857,-73.9198
HANAC Ravenswood Older Adult Center,"HANAC, Inc.",34-35A 12th Street,Queens,40.76323,-73.937607
India Home Desi Senior Center,India Home Inc,85-37 168th Street,Queens,40.713247,-73.796339
Italian Senior Citizens  Center Inc,"Italian Senior Citizens Center, Inc.",83-20 Queens Boulevard,Queens,40.737205,-73.879686
JASA Brookdale Village,The Jewish Association For Services For The Aged,131 Beach 19th Street,Queens,40.593761,-73.753207
JASA Holliswood Older Adult Center,The Jewish Association For Services For The Aged,86-25 Francis Lewis Boulevard,Queens,40.724948,-73.765107
JASA Rockaway Park,The Jewish Association For Services For The Aged,106-20 Shore Front Parkway,Queens,40.580723,-73.826713
JASA Roy Reuther,The Jewish Association For Services For The Aged,711 Seagirt Avenue,Queens,40.595996,-73.742187
Korean Community Services Corona OAC,Korean Community Services of Metropolitan New York Inc,37-06 111th Street,Queens,40.753941,-73.857264
Korean Community Services Flushing + Satellite MN9,Korean Community Services of Metropolitan New York Inc,42-15 166th Street,Queens,40.75939,-73.800335
Middle Village OAC,Rabbi Israel Meyer Hacohen Rabbinical Seminary Of America,69-10 75th Street,Queens,40.709285,-73.876664
Ocean Bay CDC Older Adult Center,Ocean Bay Community Development Corp,74-16 Beach Channel Drive,Queens,40.590746,-73.802484
Peter Cardella Older Adult Center,Peter Cardella Senior Citizen Center Inc,68-52 Fresh Pond Road,Queens,40.703874,-73.895674
QCH Forest Hills OAC,"Queens Community House, Inc.",108-25 62nd Drive,Queens,40.73591,-73.850212
QCH Kew Gardens Community Center OAC,"Queens Community House, Inc.",80-02 Kew Gardens Road,Queens,40.713686,-73.830505
QCH Pomonok OAC,"Queens Community House, Inc.",67-09 Kissena Boulevard,Queens,40.735033,-73.814726
QCH Queens Center for Gay Seniors (QCGS) OAC,"Queens Community House, Inc.",37-06 77th Street,Queens,40.748907,-73.88902
QCH Rego Park OAC,"Queens Community House, Inc.",97-30 Queens Blvd,Queens,40.728991,-73.859284
Queensbridge Center,Jacob A RIIS Neighborhood Settlement,10-25 41st Avenue,Queens,40.755488,-73.945328
RAICES Astoria Social Club,Spanish Speaking Elderly Council RAICES Inc,4-05 Astoria Boulevard,Queens,40.772947,-73.933467
RAICES Bland Social Club,Spanish Speaking Elderly Council RAICES Inc,40-15 College Point Boulevard,Queens,40.757803,-73.83414
"Ridgewood Older Adult Center And Services, Inc",Ridgewood Older Adult Center And Services Inc,5914 70th Avenue,Queens,40.701191,-73.900024
Robert Couche,Merrill Park Civic Association of Springfield Gardens Inc,137-57 Farmers Boulevard,Queens,40.67251,-73.764138
Rochdale Village SC,Rochdale Village Social Services Inc,169-65 137th Avenue,Queens,40.672622,-73.770641
SNAP Brookville OAC,Services Now for Adult Persons Inc,133-33 Brookville Boulevard,Queens,40.674396,-73.732749
SNAP Eastern Queens OAC,Services Now for Adult Persons Inc,80-45 Winchester Boulevard,Queens,40.737685,-73.734021
Sam Field Older Adult Center,Samuel Field YM & YWHA Inc,58-20 Little Neck Parkway,Queens,40.761577,-73.723122
Samuel Field Y Bay Terrace Older Adult Center,Samuel Field YM & YWHA Inc,212-00 23rd Avenue,Queens,40.781448,-73.778109
Selfhelp Austin St,SELFHELP Community Services Inc,106-06 Queens Boulevard,Queens,40.72212,-73.847335
Selfhelp Benjamin Rosenthal,SELFHELP Community Services Inc,45-25 Kissena Boulevard,Queens,40.751765,-73.820331
Selfhelp Clearview,SELFHELP Community Services Inc,208-11 26th Avenue,Queens,40.776381,-73.783798
Selfhelp Latimer,SELFHELP Community Services Inc,34-30 137th Street,Queens,40.766044,-73.829935
Selfhelp Maspeth,SELFHELP Community Services Inc,69-61 Grand Avenue,Queens,40.727019,-73.893556
Sunnyside Community Services OAC,Sunnyside Community Services Inc,43-39 39th Street,Queens,40.745099,-73.925927
Woodside Older Adult Center,Samaritan Daytop Village Inc,50-37 Newtown Road,Queens,40.753724,-73.911047
Young Israel Programs Forest Hills,Young Israel Programs Inc,68-07 Burns Street,Queens,40.721357,-73.851655
Young Israel Programs Queens Valley II,Young Israel Programs Inc,141-55 77th Avenue,Queens,40.721128,-73.819822
Young Israel Wavecrest & Bayswater Senior League,Young Israel Programs Inc,2716 Healy Avenue,Queens,40.604149,-73.765737
Anderson Neighborhood Senior Center,"Catholic Charities Of Staten Island, Inc.",120 Anderson Avenue,Staten Island,40.634927,-74.134422
Arrochar OAC,Staten Island Community Services Friendship Clubs Inc,44 Bionia Avenue,Staten Island,40.596713,-74.075377
Avis South Shore OAC,Jewish Community Center Of Staten Island Inc,1297 Arthur Kill Road,Staten Island,40.565339,-74.183774
CASC Cassidy Coles NSC,Community Agency for Senior Citizens Inc,125 Cassidy Place,Staten Island,40.641888,-74.096489
CASC New Lane NSC,Community Agency for Senior Citizens Inc,70 New Lane,Staten Island,40.612811,-74.062256
Center for Livelong Development (Bernikow OAC),Jewish Community Center Of Staten Island Inc,1466 Manor Road,Staten Island,40.594916,-74.125393
Great Kills OAC,Staten Island Community Services Friendship Clubs Inc,11 Sampson Avenue,Staten Island,40.552619,-74.149806
Mount Loretto OAC,Staten Island Community Services Friendship Clubs Inc,6581 Hylan Boulevard,Staten Island,40.509084,-74.22093
New Dorp Beach OAC,Staten Island Community Services Friendship Clubs Inc,128 Cedar Grove Avenue,Staten Island,40.561467,-74.100329
Stapelton OAC,Jewish Community Center Of Staten Island Inc,189 Gordon Street,Staten Island,40.623124,-74.082838
Todt Hill OAC,Staten Island Community Services Friendship Clubs Inc,184 Schmidts Lane,Staten Island,40.609058,-74.119053
West Brighton Neighborhood Senior Center,"Catholic Charities Of Staten Island, Inc.",230 Broadway,Staten Island,40.636486,-74.117523
